variable_canonical,source_variable,raw_column,mandatory_dictionary_column_r,model_eligible,completeness,dtype_observed,reason
data_datos_ubicacion_riesgo_class,data_datos_ubicacion_riesgo_class.x,data-datos_ubicacion-riesgo_class,True,False,1.0,str,excluded_by_pre_prediction_policy
data_muestra_resultado,data_muestra_resultado,,True,False,,,mandatory_not_present_in_v2_source
data_barreras_economicas_economia_transporte,data_barreras_economicas_economia_transporte,data-barreras_economicas-economia_transporte,True,True,0.9963768115942029,str,mandatory_pre_prediction_authorized
data_barreras_economicas_perdida_horas_laborales,data_barreras_economicas_perdida_horas_laborales,data-barreras_economicas-perdida_horas_laborales,True,True,0.9963768115942029,str,mandatory_pre_prediction_authorized
data_perfil_clinico_toma_antibioticos,data_perfil_clinico_toma_antibioticos,data-perfil_clinico-toma_antibioticos,True,True,0.9963768115942029,str,mandatory_pre_prediction_authorized
data_perfil_clinico_toma_acidez,data_perfil_clinico_toma_acidez,data-perfil_clinico-toma_acidez,True,True,0.9963768115942029,str,mandatory_pre_prediction_authorized
data_perfil_clinico_toma_acidez_cuales,data_perfil_clinico_toma_acidez_cuales,data-perfil_clinico-toma_acidez_cuales,True,True,0.2210144927536232,str,mandatory_pre_prediction_authorized
data_factor_riesgo_sintomas,data_factor_riesgo_sintomas,data-factor_riesgo-sintomas,True,True,0.9963768115942029,str,mandatory_pre_prediction_authorized
data_factor_riesgo_dx_gastritis,data_factor_riesgo_dx_gastritis,data-factor_riesgo-dx_gastritis,True,True,0.9963768115942029,str,mandatory_pre_prediction_authorized
data_intradomiciliario_cuenta_tanque,data_intradomiciliario_cuenta_tanque,data-intradomiciliario-cuenta_tanque,True,True,0.4057971014492754,str,mandatory_pre_prediction_authorized
data_intradomiciliario_tiempo_lava,data_intradomiciliario_tiempo_lava,data-intradomiciliario-tiempo_lava,True,True,0.25,str,mandatory_pre_prediction_authorized
data_higene_lava_manos_despues,data_higene_lava_manos_despues,data-higene-lava_manos_despues,True,True,0.4057971014492754,str,mandatory_pre_prediction_authorized
data_higene_lava_manos_antes,data_higene_lava_manos_antes,data-higene-lava_manos_antes,True,True,0.4057971014492754,str,mandatory_pre_prediction_authorized
data_higene_lava_manos_utiliza,data_higene_lava_manos_utiliza,data-higene-lava_manos_utiliza,True,True,0.4057971014492754,str,mandatory_pre_prediction_authorized
clas_riesgo_cancer,clas_riesgo_cancer,clas_riesgo_cancer,True,False,1.0,float64,excluded_by_pre_prediction_policy
fecha_nacimiento,fecha_nacimiento,fecha_nacimiento,True,False,1.0,int64,excluded_by_pre_prediction_policy
edad_hoy,edad_hoy,edad_hoy,True,True,1.0,int64,mandatory_pre_prediction_authorized
sexo,sexo,sexo,True,True,1.0,str,mandatory_pre_prediction_authorized
regimen_salud_pertenece,regimen_salud_pertenece,regimen_salud_pertenece,True,True,1.0,str,mandatory_pre_prediction_authorized
estado_civil,estado_civil,estado_civil,True,True,1.0,str,mandatory_pre_prediction_authorized
escolaridad,escolaridad,escolaridad,True,True,1.0,str,mandatory_pre_prediction_authorized
etnia,etnia,etnia,True,True,1.0,str,mandatory_pre_prediction_authorized
pob_migrante,pob_migrante,pob_migrante,True,True,1.0,str,mandatory_pre_prediction_authorized
vict_conflicto,vict_conflicto,vict_conflicto,True,True,1.0,str,mandatory_pre_prediction_authorized
reg_victima,reg_victima,reg_victima,True,True,0.14130434782608695,str,mandatory_pre_prediction_authorized
ocupacion,ocupacion,ocupacion,True,True,1.0,str,mandatory_pre_prediction_authorized
add_sal,add_sal,add_sal,True,True,1.0,str,mandatory_pre_prediction_authorized
pres_ar_pr_diastolica,pres_ar_pr_diastolica,pres_ar_pr_diastolica,True,True,0.06884057971014493,float64,mandatory_pre_prediction_authorized
peso,peso,peso,True,True,1.0,int64,mandatory_pre_prediction_authorized
talla,talla,talla,True,True,1.0,int64,mandatory_pre_prediction_authorized
imc,imc,imc,True,True,1.0,int64,mandatory_pre_prediction_authorized
ant_cancer,ant_cancer,ant_cancer,True,True,1.0,str,mandatory_pre_prediction_authorized
ant_can_gastrico,ant_can_gastrico,ant_can_gastrico,True,True,0.36231884057971014,str,mandatory_pre_prediction_authorized
fuma,fuma,fuma,True,True,1.0,str,mandatory_pre_prediction_authorized
ant_tabaco,ant_tabaco,ant_tabaco,True,True,1.0,str,mandatory_pre_prediction_authorized
exfumador,exfumador,exfumador,True,True,1.0,str,mandatory_pre_prediction_authorized
tiempo_exfumador,tiempo_exfumador,tiempo_exfumador,True,True,0.08695652173913043,str,mandatory_pre_prediction_authorized
act_fisica,act_fisica,act_fisica,True,True,0.9963768115942029,str,mandatory_pre_prediction_authorized
acude_odontologo,acude_odontologo,acude_odontologo,True,True,1.0,str,mandatory_pre_prediction_authorized
intercam_cepillo,intercam_cepillo,intercam_cepillo,True,True,1.0,str,mandatory_pre_prediction_authorized
cepilla_dia,cepilla_dia,cepilla_dia,True,True,1.0,str,mandatory_pre_prediction_authorized
bebe_mucho_licor,bebe_mucho_licor,bebe_mucho_licor,True,True,0.9818840579710145,str,mandatory_pre_prediction_authorized
estrato,estrato,estrato,True,True,1.0,str,mandatory_pre_prediction_authorized
ingreso,ingreso,ingreso,True,True,1.0,str,mandatory_pre_prediction_authorized
piso,piso,piso,True,True,1.0,str,mandatory_pre_prediction_authorized
pared,pared,pared,True,True,1.0,str,mandatory_pre_prediction_authorized
techo,techo,techo,True,True,1.0,str,mandatory_pre_prediction_authorized
riesgo,riesgo,riesgo,True,False,1.0,str,excluded_by_pre_prediction_policy
sr_energia,sr_energia,sr_energia,True,True,1.0,str,mandatory_pre_prediction_authorized
aguas_servida,aguas_servida,aguas_servida,True,True,1.0,str,mandatory_pre_prediction_authorized
inodoro,inodoro,inodoro,True,True,1.0,str,mandatory_pre_prediction_authorized
inodoro_conectado,inodoro_conectado,inodoro_conectado,True,True,0.9818840579710145,str,mandatory_pre_prediction_authorized
sr_acueducto,sr_acueducto,sr_acueducto,True,True,1.0,str,mandatory_pre_prediction_authorized
consumo_agua,consumo_agua,consumo_agua,True,False,0.007246376811594203,str,excluded_insufficient_observed_values_for_cv
agua_antest,agua_antest,agua_antest,True,True,1.0,str,mandatory_pre_prediction_authorized
almacena_agua,almacena_agua,almacena_agua,True,True,1.0,str,mandatory_pre_prediction_authorized
cocina_con_carbon,cocina_con_carbon,cocina_con_carbon,True,True,1.0,str,mandatory_pre_prediction_authorized
cocina_con_ga_pe,cocina_con_ga_pe,cocina_con_ga_pe,True,True,1.0,str,mandatory_pre_prediction_authorized
per_dormitorios,per_dormitorios,per_dormitorios,True,True,1.0,str,mandatory_pre_prediction_authorized
frut_verd,frut_verd,frut_verd,True,True,1.0,str,mandatory_pre_prediction_authorized
prot,prot,prot,True,True,1.0,str,mandatory_pre_prediction_authorized
salero_mesa,salero_mesa,salero_mesa,True,True,1.0,str,mandatory_pre_prediction_authorized
huert_caser,huert_caser,huert_caser,True,True,1.0,str,mandatory_pre_prediction_authorized
